palavra,lema,pos,entidade,dependencia,ranking
Entrevistadora,entrevistadora,NOUN,-,ROOT,384736
:,:,PUNCT,-,punct,27
Carolina,Carolina,PROPN,PER,appos,5023
Motta,Motta,PROPN,PER,flat:name,15242
PG56348,PG56348,PROPN,PER,flat:name,-
Entrevistada,Entrevistada,NOUN,PER,acl,178437
:,:,PUNCT,-,punct,27
Vitória,Vitória,PROPN,PER,appos,2881
Ramos,Ramos,PROPN,PER,flat:name,4698
Descrição,descrição,NOUN,PER,appos,2218
:,:,PUNCT,PER,punct,27
Entrevista,entrevista,NOUN,-,ROOT,13400
sobre,sobre,ADP,-,case,55
a,o,DET,-,det,5
nossa,nosso,DET,-,det,190
história,história,NOUN,-,nmod,200
de,de,ADP,-,case,2
amor,amor,PROPN,-,nmod,357
",",",",PUNCT,-,punct,0
com,com,ADP,-,case,12
perguntas,pergunta,NOUN,-,nmod,2184
e,e,CCONJ,-,cc,4
respostas,resposta,NOUN,-,conj,2209
que,que,PRON,-,nsubj,7
revelam,revelar,VERB,-,acl:relcl,8001
momentos,momento,NOUN,-,obj,819
importantes,importante,ADJ,-,amod,783
do,de o,ADP,-,case,8
nosso,nosso,DET,-,det,173
relacionamento,relacionamento,NOUN,-,nmod,1557
à,a o,ADP,-,case,43
distância,distância,NOUN,-,nmod,1294
.,.,PUNCT,-,punct,3
Unidade,Unidade,PROPN,MISC,ROOT,3094
Curricular,Curricular,PROPN,MISC,flat:name,17873
:,:,PUNCT,MISC,punct,27
Análise,Análise,PROPN,-,ROOT,3614
e,e,CCONJ,-,flat:name,4
Visualização,Visualização,PROPN,MISC,flat:name,38152
de,de,ADP,MISC,case,2
Dados,Dados,PROPN,MISC,nmod,3556
–,–,PUNCT,MISC,punct,61
Mestrado,Mestrado,NOUN,MISC,appos,2398
em,em,ADP,-,case,10
Humanidades,Humanidades,PROPN,MISC,nmod,29346
Digitais,Digitais,PROPN,MISC,flat:name,16053
Um,Um,PROPN,-,det,174
Oceano,Oceano,PROPN,LOC,flat:name,10552
de,de,ADP,LOC,case,2
Amor,Amor,PROPN,LOC,nmod,3071
Entrevistadora,entrevistadora,NOUN,LOC,ROOT,384736
:,:,PUNCT,LOC,punct,27
Oi,Oi,PROPN,ORG,ROOT,2453
",",",",PUNCT,-,punct,0
boa,bom,ADJ,-,amod,297
noite,noite,NOUN,-,obl,358
.,.,PUNCT,-,punct,3
Entrevistada,entrevistada,NOUN,-,ROOT,178437
:,:,PUNCT,-,punct,27
Oi,Oi,PROPN,-,ROOT,2453
",",",",PUNCT,-,punct,0
boa,bom,ADJ,-,amod,297
noite,noite,NOUN,-,obl,358
.,.,PUNCT,-,punct,3
Entrevistadora,entrevistadora,NOUN,MISC,obl,384736
:,:,PUNCT,MISC,punct,27
Eu,eu,PRON,MISC,nsubj,171
te,te,PRON,MISC,obj,398
chamei,chameir,VERB,-,ROOT,27647
aqui,aqui,ADV,-,advmod,140
pra,pra,SCONJ,-,mark,161
fazer,fazer,VERB,-,advcl,82
uma,um,DET,-,det,15
entrevista,entrevista,NOUN,-,obj,1267
com,com,ADP,-,case,12
você,você,PRON,-,nmod,54
",",",",PUNCT,-,punct,0
cujo,cujo,DET,-,det,1685
tema,tema,NOUN,-,nsubj,593
é,ser,AUX,-,cop,14
a,o,DET,-,det,5
nossa,nosso,DET,-,det,190
história,história,NOUN,-,ccomp,200
de,de,ADP,-,case,2
amor,amor,NOUN,-,nmod,357
.,.,PUNCT,-,punct,3
Pra,pra,ADP,-,case,3691
isso,isso,PRON,-,obl,70
",",",",PUNCT,-,punct,0
eu,eu,PRON,-,nsubj,63
queria,querer,VERB,-,ROOT,975
pedir,pedir,VERB,-,xcomp,1649
inicialmente,inicialmente,ADV,-,advmod,3169
pra,pra,ADP,-,mark,161
você,você,PRON,-,nsubj,54
se,se,PRON,-,expl,24
apresentar,apresentar,VERB,-,advcl,1023
.,.,PUNCT,-,punct,3
Entrevistada,entrevistada,NOUN,-,ROOT,178437
:,:,PUNCT,-,punct,27
Meu,meu,DET,-,det,1601
nome,nome,NOUN,-,nsubj,211
é,ser,AUX,-,cop,14
Vitória,vitória,PROPN,LOC,ROOT,2881
Ramos,Ramos,PROPN,LOC,flat:name,4698
",",",",PUNCT,-,punct,0
tenho,ter,VERB,-,parataxis,301
26,26,NUM,-,nummod,1079
anos,ano,NOUN,-,obj,64
",",",",PUNCT,-,punct,0
moro,morar,VERB,-,conj,8948
em,em,ADP,-,case,10
Portugal,Portugal,PROPN,LOC,obl,463
",",",",PUNCT,-,punct,0
mas,mas,CCONJ,-,cc,44
sou,ser,AUX,-,cop,525
brasileira,brasileira,ADJ,-,conj,678
e,e,CCONJ,-,cc,4
estou,estar,AUX,-,cop,381
aqui,aqui,ADV,-,advmod,140
já,já,ADV,-,advmod,57
há,haver,VERB,-,advcl,114
três,três,NUM,-,nummod,183
anos,ano,NOUN,-,obj,64
.,.,PUNCT,-,punct,3
E,e,CCONJ,-,cc,79
sou,ser,AUX,-,cop,525
sua,seu,DET,-,det,37
namorada,namorada,NOUN,-,ROOT,5105
.,.,PUNCT,-,punct,3
Entrevistadora,entrevistadora,NOUN,MISC,ROOT,384736
:,:,PUNCT,MISC,punct,27
Perfeito,perfeito,NOUN,-,ROOT,9738
",",",",PUNCT,-,punct,0
Vitória,vitória,NOUN,LOC,appos,2881
.,.,PUNCT,-,punct,3
Sobre,sobre,ADP,-,case,1908
a,o,DET,-,det,5
nossa,nosso,DET,-,det,190
história,história,NOUN,-,obl,200
",",",",PUNCT,-,punct,0
você,você,PRON,-,nsubj,54
se,se,PRON,-,expl,24
lembra,lembrar,VERB,-,ROOT,2772
da,de o,ADP,-,case,9
primeira,primeiro,ADJ,-,amod,166
mensagem,mensagem,NOUN,-,obj,1216
ou,ou,CCONJ,-,cc,33
conversa,conversa,NOUN,-,conj,1874
que,que,SCONJ,-,mark,7
tivemos,ter,VERB,-,acl:relcl,3137
pela,por o,ADP,-,case,51
internet,Internet,PROPN,-,obl,613
?,?,PUNCT,-,punct,49
Entrevistada,Entrevistada,NOUN,-,ROOT,178437
:,:,PUNCT,-,punct,27
Sim,sim,ADV,-,advmod,1545
",",",",PUNCT,-,punct,0
lembro,lembrar,VERB,-,ROOT,4137
.,.,PUNCT,-,punct,3
Foi,foi,SCONJ,-,cop,344
pelo,por o,ADP,-,case,45
Instagram,Instagram,PROPN,PER,ROOT,3264
",",",",PUNCT,-,punct,0
depois,depois,SCONJ,-,mark,136
que,que,SCONJ,-,fixed,7
eu,eu,PRON,-,nsubj,63
comentei,comentar,VERB,-,advcl,17507
uma,um,DET,-,det,15
foto,foto,NOUN,-,obj,1033
sua,seu,DET,-,det,37
.,.,PUNCT,-,punct,3
Passados,passados,VERB,-,advcl,22153
uns,um,DET,-,det,860
dias,dia,NOUN,-,obl,144
",",",",PUNCT,-,punct,0
você,você,PRON,-,nsubj,54
me,eu,PRON,-,obj,86
mandou,mandar,VERB,-,advcl,5022
uma,um,DET,-,det,15
cantada,cantada,NOUN,-,obj,18300
e,e,CCONJ,-,cc,4
depois,depois,ADV,-,advmod,136
disso,de isso,PRON,-,conj,273
",",",",PUNCT,-,punct,0
começamos,começar,VERB,-,ROOT,8179
a,a,SCONJ,-,mark,5
conversar,conversar,VERB,-,xcomp,3398
pelo,por o,ADP,-,case,45
Instagram,Instagram,PROPN,PER,obl,3264
",",",",PUNCT,-,punct,0
depois,depois,ADV,-,advmod,136
eu,eu,PRON,-,nsubj,63
pedi,pedir,VERB,-,advcl,8694
seu,seu,DET,-,det,42
número,número,NOUN,-,obj,288
e,e,CCONJ,-,cc,4
começamos,começar,VERB,-,conj,8179
a,a,SCONJ,-,mark,5
trocar,trocar,VERB,-,xcomp,3085
mensagens,mensagem,NOUN,-,obj,2011
também,também,ADV,-,advmod,48
pelo,por o,ADP,-,case,45
WhatsApp,WhatsApp,NOUN,MISC,obl,5765
.,.,PUNCT,-,punct,3
Entrevistadora,entrevistadora,NOUN,-,ROOT,384736
:,:,PUNCT,-,punct,27
E,e,CCONJ,-,cc,79
nesse,em esse,ADP,-,case,543
começo,começo,NOUN,-,ROOT,1760
",",",",PUNCT,-,punct,0
o,o,PRON,-,appos,6
que,que,PRON,-,nsubj,7
te,te,PRON,-,nsubj,398
chamou,chamar,VERB,-,acl:relcl,3238
atenção,atenção,NOUN,-,obj,523
em,em,ADP,-,case,10
mim,eu,PRON,-,obl,380
?,?,PUNCT,-,punct,49
Entrevistada,entrevistada,NOUN,-,ROOT,178437
:,:,PUNCT,-,punct,27
O,o,PRON,-,nsubj,28
que,que,PRON,-,nsubj,7
me,eu,PRON,-,iobj,86
chamou,chamar,VERB,-,acl:relcl,3238
atenção,atenção,NOUN,-,obj,523
em,em,ADP,-,case,10
você,você,PRON,-,nsubj,54
foi,ser,AUX,-,cop,35
sua,seu,DET,-,det,37
atenciosidade,atenciosidade,PROPN,-,parataxis,-
.,.,PUNCT,-,punct,3
A,o,DET,-,det,31
gente,gente,NOUN,-,nsubj,309
estava,estar,AUX,-,aux,169
sempre,sempre,ADV,-,advmod,100
trocando,trocar,VERB,-,ROOT,13713
mensagens,mensagem,NOUN,-,obj,2011
",",",",PUNCT,-,punct,0
dividindo,dividir,VERB,-,advcl,17508
tudo,tudo,PRON,-,obj,109
e,e,CCONJ,-,cc,4
compartilhando,compartilhar,VERB,-,conj,15550
momentos,momento,NOUN,-,obj,819
",",",",PUNCT,-,punct,0
mesmo,mesmo,ADV,-,advmod,66
de,de,ADP,-,case,2
longe,longe,NOUN,-,advmod,1223
.,.,PUNCT,-,punct,3
Você,você,PRON,-,nsubj,268
sempre,sempre,ADV,-,advmod,100
se,se,PRON,-,expl,24
fez,fazer,VERB,-,ROOT,294
presente,presente,ADJ,-,xcomp,408
nisso,em isso,PRON,-,obl,2943
e,e,CCONJ,-,cc,4
foi,ser,AUX,-,cop,35
uma,um,NUM,-,conj,15
das,de o,ADP,-,case,34
coisas,coisa,NOUN,-,nmod,269
que,que,PRON,-,nsubj,7
mais,mais,ADV,-,advmod,25
me,eu,PRON,-,obj,86
chamou,chamar,VERB,-,acl:relcl,3238
atenção,atenção,NOUN,-,obj,523
em,em,ADP,-,case,10
você,você,PRON,-,obl,54
.,.,PUNCT,-,punct,3
Entrevistadora,entrevistadora,NOUN,MISC,ROOT,384736
:,:,PUNCT,MISC,punct,27
Você,você,PRON,-,nsubj,268
já,já,ADV,-,advmod,57
imaginava,imaginar,VERB,-,ROOT,10840
que,que,SCONJ,-,mark,7
algo,algo,PRON,-,nsubj,284
sério,sério,ADJ,-,amod,2784
poderia,poder,VERB,-,ccomp,587
surgir,surgir,VERB,-,xcomp,5402
?,?,PUNCT,-,punct,49
Entrevistada,entrevistada,NOUN,-,obl,178437
:,:,PUNCT,-,punct,27
Eu,eu,PRON,-,nsubj,171
não,não,ADV,-,advmod,21
imaginava,imaginar,VERB,-,ROOT,10840
que,que,SCONJ,-,mark,7
fosse,ser,AUX,-,aux,654
dar,dar,VERB,-,ccomp,255
tão,tão,ADV,-,advmod,215
certo,certo,ADJ,-,advmod,573
",",",",PUNCT,-,punct,0
até,até,ADV,-,advmod,59
pela,por o,ADP,-,case,51
distância,distância,NOUN,-,obl,1294
que,que,SCONJ,-,mark,7
tinha,ter,VERB,-,acl:relcl,203
e,e,CCONJ,-,cc,4
tudo,tudo,PRON,-,conj,109
",",",",PUNCT,-,punct,0
mas,mas,CCONJ,-,cc,44
conforme,conforme,SCONJ,-,mark,793
íamos,íamos,AUX,-,aux,21537
conversando,conversar,VERB,-,conj,8353
",",",",PUNCT,-,punct,0
isso,isso,PRON,-,nsubj,70
foi,ir,AUX,-,aux,35
ficando,ficar,VERB,-,ccomp,2040
bem,bem,ADV,-,advmod,69
claro,claro,ADJ,-,xcomp,597
que,que,SCONJ,-,mark,7
podia,poder,VERB,-,ccomp,1878
se,se,PRON,-,expl,24
tornar,tornar,VERB,-,xcomp,1153
algo,algo,PRON,-,obj,284
a,a,ADP,-,case,5
mais,mais,ADV,-,advmod,25
.,.,PUNCT,-,punct,3
Entrevistadora,entrevistadora,NOUN,MISC,ROOT,384736
:,:,PUNCT,MISC,punct,27
Quem,quem,PRON,-,nsubj,753
foi,ser,AUX,-,cop,35
a,o,DET,-,det,5
primeira,primeiro,ADJ,-,amod,166
pessoa,pessoa,NOUN,-,parataxis,244
que,que,PRON,-,obj,7
você,você,PRON,-,nsubj,54
contou,contar,VERB,-,acl:relcl,1604
que,que,SCONJ,-,mark,7
estava,estar,AUX,-,aux,169
conversando,conversar,VERB,-,ccomp,8353
comigo,comigo,NOUN,-,obj,1635
naquela,em aquele,ADP,-,case,2969
época,época,NOUN,-,obl,471
e,e,CCONJ,-,cc,4
o,o,PRON,-,conj,6
que,que,PRON,-,obj,7
ela,ela,PRON,-,nsubj,98
disse,dizer,VERB,-,acl:relcl,204
?,?,PUNCT,-,punct,49
Entrevistada,entrevistada,NOUN,MISC,ROOT,178437
:,:,PUNCT,-,punct,27
A,o,DET,-,det,31
primeira,primeiro,ADJ,-,amod,166
pessoa,pessoa,NOUN,-,ROOT,244
...,...,PUNCT,-,punct,56
Entrevistadora,entrevistadora,NOUN,-,ROOT,384736
:,:,PUNCT,-,punct,27
Está,estar,AUX,-,cop,1895
tudo,tudo,PRON,-,obj,109
bem,bem,ADV,-,fixed,69
",",",",PUNCT,-,punct,0
pode,poder,VERB,-,ROOT,60
continuar,continuar,VERB,-,xcomp,1182
.,.,PUNCT,-,punct,3
Entrevistada,entrevistada,NOUN,MISC,ROOT,178437
:,:,PUNCT,-,punct,27
A,o,DET,-,det,31
primeira,primeiro,ADJ,-,amod,166
pessoa,pessoa,NOUN,-,ROOT,244
que,que,PRON,-,obj,7
eu,eu,PRON,-,nsubj,63
contei,contar,VERB,-,acl:relcl,16898
de,de,SCONJ,-,mark,2
você,você,PRON,-,nsubj,54
foi,ser,AUX,-,cop,35
minha,meu,DET,-,det,132
prima,prima,NOUN,-,obj,5836
",",",",PUNCT,-,punct,0
que,que,PRON,-,nsubj,7
mora,morar,VERB,-,acl:relcl,3600
na,em o,ADP,-,case,20
Califórnia,Califórnia,PROPN,LOC,obl,4588
",",",",PUNCT,-,punct,0
nos,em o,ADP,-,case,53
Estados,Estados,PROPN,LOC,obl,506
Unidos,Unidos,PROPN,LOC,flat:name,647
.,.,PUNCT,-,punct,3
A,o,DET,-,det,31
gente,gente,NOUN,-,nsubj,309
chegou,chegar,VERB,-,ROOT,713
a,a,SCONJ,-,mark,5
comentar,comentar,VERB,-,xcomp,4613
porque,porque,SCONJ,-,mark,128
as,o,DET,-,det,23
primeiras,primeiro,ADJ,-,amod,1703
fotos,foto,NOUN,-,obl,639
que,que,PRON,-,obj,7
eu,eu,PRON,-,nsubj,63
vi,ver,VERB,-,acl:relcl,1166
sua,seu,DET,-,xcomp,37
",",",",PUNCT,-,punct,0
",",",",PUNCT,-,punct,0
curtir,curtir,VERB,-,advcl,4611
",",",",PUNCT,-,punct,0
quando,quando,ADV,-,advmod,71
já,já,ADV,-,advmod,57
rolava,rolar,VERB,-,advcl,52725
uma,um,DET,-,det,15
intenção,intenção,NOUN,-,obj,2023
",",",",PUNCT,-,punct,0
foi,ser,VERB,-,advcl,35
quando,quando,ADV,-,advmod,71
você,você,PRON,-,nsubj,54
estava,estar,AUX,-,cop,169
na,em o,ADP,-,case,20
Califórnia,Califórnia,PROPN,LOC,obl,4588
.,.,PUNCT,-,punct,3
E,e,CCONJ,-,cc,79
depois,depois,ADV,-,advmod,136
disso,de isso,PRON,-,advcl,273
",",",",PUNCT,-,punct,0
ela,ela,PRON,-,nsubj,98
...,...,PUNCT,-,punct,56
que,que,SCONJ,-,mark,7
a,o,DET,-,det,5
gente,gente,NOUN,-,nsubj,309
comentou,comentar,VERB,-,acl:relcl,4064
tudo,tudo,PRON,-,obj,109
",",",",PUNCT,-,punct,0
ela,ela,PRON,-,nsubj,98
falou,falar,VERB,-,ROOT,1811
que,que,SCONJ,-,mark,7
ela,ela,PRON,-,nsubj,98
ficaria,ficar,VERB,-,ccomp,6078
muito,muito,ADV,-,advmod,50
feliz,feliz,ADJ,-,xcomp,952
",",",",PUNCT,-,punct,0
se,se,SCONJ,-,mark,24
desse,de esse,ADP,-,advcl,412
muito,muito,ADV,-,advmod,50
certo,certo,ADJ,-,obj,573
",",",",PUNCT,-,punct,0
até,até,ADP,-,case,59
mesmo,mesmo,ADV,-,advmod,66
pelo,por o,ADP,-,case,45
fato,fato,NOUN,-,obl,378
de,de,SCONJ,-,mark,2
achar,achar,VERB,-,acl,2396
que,que,SCONJ,-,mark,7
você,você,PRON,-,nsubj,54
estava,estar,AUX,-,cop,169
lá,lá,ADV,-,advmod,258
e,e,CCONJ,-,cc,4
ia,ir,AUX,-,aux,1770
ficar,ficar,VERB,-,conj,325
também,também,ADV,-,advmod,48
mais,mais,ADV,-,advmod,25
próxima,próximo,ADJ,-,xcomp,859
dela,de ela,PRON,-,obl,667
.,.,PUNCT,-,punct,3
Entrevistadora,entrevistadora,NOUN,-,ROOT,384736
:,:,PUNCT,-,punct,27
Qual,qual,PRON,-,ROOT,2393
foi,ser,AUX,-,cop,35
o,o,DET,-,det,6
momento,momento,NOUN,-,nsubj,201
em,em,ADP,-,case,10
que,que,PRON,-,obl,7
você,você,PRON,-,nsubj,54
percebeu,perceber,VERB,-,acl:relcl,6006
que,que,SCONJ,-,mark,7
queria,querer,VERB,-,ccomp,975
mesmo,mesmo,ADV,-,advmod,66
investir,investir,VERB,-,xcomp,2233
nesse,em esse,ADP,-,case,543
sentimento,sentimento,NOUN,-,obl,2432
?,?,PUNCT,-,punct,49
Entrevistada,entrevistada,NOUN,MISC,ROOT,178437
:,:,PUNCT,-,punct,27
Mesmo,mesmo,ADV,-,advmod,1220
com,com,ADP,-,case,12
o,o,DET,-,det,6
oceano,oceano,NOUN,-,ROOT,7193
entre,entre,ADP,-,case,65
a,o,DET,-,det,5
gente,gente,NOUN,-,nmod,309
.,.,PUNCT,-,punct,3
Foi,foi,AUX,-,ROOT,344
depois,depois,ADV,-,advmod,136
do,de o,ADP,-,case,8
primeiro,primeiro,ADJ,-,amod,153
contato,contato,NOUN,-,obl,538
que,que,SCONJ,-,mark,7
tivemos,ter,VERB,-,acl:relcl,3137
presencialmente,presencialmente,ADV,-,advmod,27693
.,.,PUNCT,-,punct,3
Tudo,tudo,PRON,-,nsubj,960
fluiu,fluir,VERB,-,ROOT,64769
muito,muito,ADV,-,advmod,50
natural,natural,ADJ,-,obj,666
",",",",PUNCT,-,punct,0
como,como,SCONJ,-,mark,29
se,se,SCONJ,-,fixed,24
já,já,ADV,-,advmod,57
nos,nós,PRON,-,obj,53
conhecíamos,conhecíar,VERB,-,advcl,44425
.,.,PUNCT,-,punct,3
E,e,CCONJ,-,cc,79
compartilhar,compartilhar,VERB,-,advcl,2401
cada,cada,DET,-,det,104
momento,momento,NOUN,-,obj,201
",",",",PUNCT,-,punct,0
estar,estar,AUX,-,cop,238
presente,presente,ADJ,-,ROOT,408
me,eu,PRON,-,obj,86
fez,fazer,VERB,-,csubj,294
perceber,perceber,VERB,-,xcomp,1807
que,que,SCONJ,-,mark,7
queria,querer,VERB,-,ccomp,975
viver,viver,VERB,-,xcomp,976
mais,mais,ADV,-,advmod,25
daquilo,de aquilo,PRON,-,obj,5512
com,com,ADP,-,case,12
você,você,PRON,-,obl,54
.,.,PUNCT,-,punct,3
Entrevistadora,entrevistadora,NOUN,-,ROOT,384736
:,:,PUNCT,-,punct,27
E,e,CCONJ,-,cc,79
por,por,SCONJ,-,mark,22
falar,falar,VERB,-,ROOT,409
no,em o,ADP,-,case,16
nosso,nosso,DET,-,det,173
encontro,encontro,NOUN,-,obj,881
presencial,presencial,ADJ,-,amod,9107
",",",",PUNCT,-,punct,0
o,o,PRON,-,appos,6
que,que,PRON,-,obj,7
você,você,PRON,-,nsubj,54
mais,mais,ADV,-,advmod,25
esperava,esperar,VERB,-,acl:relcl,4774
desse,desse,ADP,-,case,412
nosso,nosso,DET,-,det,173
primeiro,primeiro,ADJ,-,amod,153
encontro,encontro,NOUN,-,obl,881
?,?,PUNCT,-,punct,49
Entrevistada,Entrevistada,NOUN,-,ROOT,178437
:,:,PUNCT,-,punct,27
Eu,eu,PRON,-,nsubj,171
esperava,esperar,VERB,-,ROOT,4774
que,que,SCONJ,-,mark,7
fosse,ser,VERB,-,ccomp,654
como,como,ADP,-,case,29
nas,em o,ADP,-,case,78
nossas,nosso,DET,-,det,659
conversas,conversa,NOUN,-,obl,4833
.,.,PUNCT,-,punct,3
Que,que,SCONJ,-,mark,580
tivéssemos,tivéssemos,VERB,-,ROOT,18659
uma,um,DET,-,det,15
boa,bom,ADJ,-,amod,297
sintonia,sintonia,NOUN,-,obj,10070
",",",",PUNCT,-,punct,0
que,que,SCONJ,-,mark,7
você,você,PRON,-,nsubj,54
fosse,ser,AUX,-,cop,654
realmente,realmente,ADV,-,advmod,512
você,você,PRON,-,acl:relcl,54
",",",",PUNCT,-,punct,0
e,e,CCONJ,-,cc,4
que,que,PRON,-,mark,7
da,de o,ADP,-,case,9
mesma,mesmo,ADJ,-,amod,277
forma,forma,NOUN,-,nmod,94
que,que,PRON,-,mark,7
eu,eu,PRON,-,nsubj,63
já,já,ADV,-,advmod,57
tinha,ter,VERB,-,acl:relcl,203
um,um,DET,-,det,13
sentimento,sentimento,NOUN,-,obj,2432
",",",",PUNCT,-,punct,0
que,que,SCONJ,-,mark,7
você,você,PRON,-,nsubj,54
sentisse,sentisse,VERB,-,conj,30975
o,o,DET,-,det,6
mesmo,mesmo,PRON,-,obj,66
ao,a o,PRON,-,obj,32
me,eu,PRON,-,obj,86
ver,ver,VERB,-,advcl,197
.,.,PUNCT,-,punct,3
Entrevistadora,entrevistadora,NOUN,-,ROOT,384736
:,:,PUNCT,-,punct,27
Você,você,PRON,-,nsubj,268
ficou,ficar,VERB,-,ROOT,420
nervosa,nervoso,ADJ,-,xcomp,14178
antes,antes,ADV,-,advmod,181
do,de o,ADP,-,case,8
nosso,nosso,DET,-,det,173
primeiro,primeiro,ADJ,-,amod,153
encontro,encontro,NOUN,-,obl,881
?,?,PUNCT,-,punct,49
E,e,CCONJ,-,cc,79
quando,quando,ADV,-,advmod,71
você,você,PRON,-,nsubj,54
me,eu,PRON,-,obj,86
viu,ver,VERB,-,ROOT,1497
pela,por o,ADP,-,case,51
primeira,primeira,ADP,-,case,166
vez,vez,NOUN,-,obl,108
",",",",PUNCT,-,punct,0
o,o,PRON,-,appos,6
que,que,PRON,-,obj,7
você,você,PRON,-,nsubj,54
sentiu,sentir,VERB,-,acl:relcl,6123
?,?,PUNCT,-,punct,49
Entrevistada,Entrevistada,NOUN,-,ROOT,178437
:,:,PUNCT,-,punct,27
Eu,eu,PRON,-,nsubj,171
fiquei,fiqueer,VERB,-,ROOT,1509
muito,muito,ADV,-,advmod,50
nervosa,nervoso,ADJ,-,xcomp,14178
e,e,CCONJ,-,cc,4
ansiosa,ansioso,ADJ,-,conj,10450
.,.,PUNCT,-,punct,3
Ainda,ainda,ADV,-,advmod,519
mais,mais,ADV,-,advmod,25
quando,quando,ADV,-,mark,71
eu,eu,PRON,-,nsubj,63
saí,saí,VERB,-,advcl,11999
do,de o,ADP,-,case,8
desembarque,desembarque,NOUN,-,obl,15599
",",",",PUNCT,-,punct,0
você,você,PRON,-,nsubj,54
estava,estar,AUX,-,aux,169
me,eu,PRON,-,obj,86
esperando,esperar,VERB,-,ROOT,3229
na,em o,ADP,-,case,20
porta,porta,NOUN,-,obl,1124
errada,errar,VERB,-,acl,6762
.,.,PUNCT,-,punct,3
Por,por,ADP,-,case,156
um,um,NUM,-,nummod,13
segundo,segundo,ADJ,-,obl,205
",",",",PUNCT,-,punct,0
achei,achar,VERB,-,ROOT,1803
que,que,SCONJ,-,mark,7
não,não,ADV,-,advmod,21
fosse,ser,AUX,-,aux,654
me,eu,PRON,-,obj,86
encontrar,encontrar,VERB,-,ccomp,497
",",",",PUNCT,-,punct,0
mas,mas,CCONJ,-,cc,44
depois,depois,ADV,-,advmod,136
nos,nós,PRON,-,obj,53
encontramos,encontrar,VERB,-,conj,4104
.,.,PUNCT,-,punct,3
E,e,CCONJ,-,cc,79
te,te,PRON,-,nsubj,398
ver,ver,VERB,-,csubj,197
vindo,vir,VERB,-,xcomp,2565
na,em o,ADP,-,case,20
minha,meu,DET,-,det,132
direção,direção,NOUN,-,obl,890
foi,ser,AUX,-,cop,35
algo,algo,PRON,-,ROOT,284
surreal,surreal,ADJ,-,amod,23249
e,e,CCONJ,-,cc,4
mágico,mágico,ADJ,-,conj,7145
.,.,PUNCT,-,punct,3
A,o,DET,-,det,31
sensação,sensação,NOUN,-,nsubj,1753
depois,depois,ADV,-,advmod,136
disso,de isso,PRON,-,nmod,273
é,ser,AUX,-,discourse,14
que,que,SCONJ,-,mark,7
todo,todo,DET,-,det,131
o,o,DET,-,det,6
tempo,tempo,NOUN,-,nsubj,85
longe,longe,ADV,-,advmod,1223
valeu,valer,VERB,-,ROOT,7725
a,o,DET,-,det,5
pena,pena,NOUN,-,obj,752
.,.,PUNCT,-,punct,3
Era,ser,AUX,-,cop,1387
uma,um,DET,-,det,15
sensação,sensação,NOUN,-,ROOT,1753
de,de,ADP,-,case,2
paz,paz,NOUN,-,nmod,1422
",",",",PUNCT,-,punct,0
tranquilidade,tranquilidade,NOUN,-,conj,4340
",",",",PUNCT,-,punct,0
de,de,SCONJ,-,mark,2
estar,estar,AUX,-,cop,238
perto,perto,ADV,-,advmod,775
de,de,ADP,-,case,2
você,você,PRON,-,obl,54
.,.,PUNCT,-,punct,3
Entrevistadora,entrevistadora,NOUN,-,ROOT,384736
:,:,PUNCT,-,punct,27
O,o,PRON,-,det,28
que,que,PRON,-,obj,7
você,você,PRON,-,nsubj,54
lembra,lembrar,VERB,-,acl:relcl,2772
com,com,ADP,-,case,12
mais,mais,DET,-,det,25
carinho,carinho,NOUN,-,obl,2385
daquele,de aquele,ADP,-,case,2165
dia,dia,NOUN,-,nmod,67
",",",",PUNCT,-,punct,0
além,além,ADV,-,advmod,164
do,de o,ADP,-,case,8
momento,momento,NOUN,-,obl,201
que,que,PRON,-,obj,7
a,o,DET,-,det,5
gente,gente,NOUN,-,nsubj,309
se,se,PRON,-,expl,24
encontrou,encontrar,VERB,-,acl:relcl,3438
?,?,PUNCT,-,punct,49
Entrevistada,Entrevistada,NOUN,-,ROOT,178437
:,:,PUNCT,-,punct,27
Nesse,em esse,ADP,-,case,1231
dia,dia,NOUN,-,nmod,67
",",",",PUNCT,-,punct,0
o,o,DET,-,det,6
momento,momento,NOUN,-,ROOT,201
em,em,ADP,-,case,10
que,que,PRON,-,obl,7
te,te,PRON,-,obj,398
vi,ver,VERB,-,acl:relcl,1166
.,.,PUNCT,-,punct,3
Mas,mas,CCONJ,-,cc,130
dos,de o,ADP,-,case,30
meus,meu,DET,-,det,574
dias,dia,NOUN,-,nmod,144
no,em o,ADP,-,case,16
Brasil,Brasil,PROPN,LOC,nmod,99
",",",",PUNCT,-,punct,0
o,o,DET,-,det,6
momento,momento,NOUN,-,nsubj,201
que,que,PRON,-,obj,7
eu,eu,PRON,-,nsubj,63
lembro,lembrar,VERB,-,acl:relcl,4137
com,com,ADP,-,case,12
mais,mais,DET,-,det,25
carinho,carinho,NOUN,-,obl,2385
foi,ser,AUX,-,cop,35
a,o,DET,-,det,5
primeira,primeiro,ADJ,-,amod,166
vez,vez,NOUN,-,ROOT,108
que,que,SCONJ,-,nsubj,7
disse,dizer,VERB,-,acl:relcl,204
que,que,SCONJ,-,mark,7
me,eu,PRON,-,obj,86
amava,amava,VERB,-,ccomp,12382
.,.,PUNCT,-,punct,3
Estávamos,Estávamos,AUX,-,cop,18273
com,com,ADP,-,case,12
seus,seu,DET,-,det,72
amigos,amigo,NOUN,-,ROOT,481
e,e,CCONJ,-,cc,4
família,família,NOUN,-,conj,263
",",",",PUNCT,-,punct,0
que,que,PRON,-,nsubj,7
são,ser,AUX,-,cop,46
importantes,importante,ADJ,-,acl:relcl,783
também,também,ADV,-,advmod,48
na,em o,ADP,-,case,20
sua,seu,DET,-,det,37
vida,vida,NOUN,-,obl,90
.,.,PUNCT,-,punct,3
E,e,CCONJ,-,cc,79
isso,isso,PRON,-,nsubj,70
tornou,tornar,VERB,-,ROOT,1645
ainda,ainda,ADV,-,advmod,68
mais,mais,ADV,-,advmod,25
aquele,aquele,DET,-,det,677
momento,momento,NOUN,-,obj,201
significativo,significativo,ADJ,-,amod,5708
pra,pra,ADP,-,case,161
mim,eu,PRON,-,obl,380
.,.,PUNCT,-,punct,3
Entrevistadora,entrevistadora,NOUN,PER,ROOT,384736
:,:,PUNCT,-,punct,27
Teve,Teve,VERB,-,ROOT,8094
alguma,algum,DET,-,det,410
coisa,coisa,NOUN,-,obj,267
que,que,PRON,-,nsubj,7
te,te,PRON,-,obj,398
surpreendeu,surpreender,VERB,-,acl:relcl,9426
em,em,ADP,-,case,10
mim,eu,PRON,-,obl,380
",",",",PUNCT,-,punct,0
pessoalmente,pessoalmente,ADV,-,advmod,4559
?,?,PUNCT,-,punct,49
Seja,seja,VERB,-,ROOT,3242
pro,pro,ADP,-,case,1998
bem,bem,NOUN,-,advmod,69
ou,ou,CCONJ,-,cc,33
pro,pro,ADP,-,case,1998
mal,mal,NOUN,-,conj,684
?,?,PUNCT,-,punct,49
Entrevistada,Entrevistada,NOUN,-,ROOT,178437
:,:,PUNCT,-,punct,27
Não,não,ADV,-,advmod,102
",",",",PUNCT,-,punct,0
nada,nada,PRON,-,nsubj,220
me,eu,PRON,-,obj,86
surpreendeu,surpreender,VERB,-,ROOT,9426
em,em,ADP,-,case,10
você,você,PRON,-,obj,54
.,.,PUNCT,-,punct,3
Seria,ser,AUX,-,cop,5093
exatamente,exatamente,ADV,-,advmod,1358
como,como,SCONJ,-,mark,29
eu,eu,PRON,-,nsubj,63
esperava,esperar,VERB,-,ROOT,4774
.,.,PUNCT,-,punct,3
Entrevistadora,entrevistadora,NOUN,ORG,ROOT,384736
:,:,PUNCT,-,punct,27
Se,se,SCONJ,-,mark,135
você,você,PRON,-,nsubj,54
pudesse,poder,VERB,-,advcl,3335
reviver,reviver,VERB,-,xcomp,18887
aquele,aquele,DET,-,det,677
momento,momento,NOUN,-,obj,201
em,em,ADP,-,case,10
que,que,PRON,-,obl,7
a,o,DET,-,det,5
gente,gente,NOUN,-,nsubj,309
se,se,PRON,-,expl,24
encontrou,encontrar,VERB,-,acl:relcl,3438
ou,ou,CCONJ,-,cc,33
os,o,DET,-,det,18
dias,dia,NOUN,-,obl,144
que,que,PRON,-,obj,7
você,você,PRON,-,nsubj,54
passou,passar,VERB,-,acl:relcl,616
no,em o,ADP,-,case,16
Brasil,Brasil,PROPN,LOC,obl,99
",",",",PUNCT,-,punct,0
faria,fazer,VERB,-,ROOT,4646
algo,algo,PRON,-,obj,284
diferente,diferente,ADJ,-,amod,606
?,?,PUNCT,-,punct,49
Entrevistada,Entrevistada,NOUN,-,obl,178437
:,:,PUNCT,-,punct,27
Eu,eu,PRON,-,nsubj,171
não,não,ADV,-,advmod,21
faria,fazer,VERB,-,ROOT,4646
nada,nada,ADV,-,advmod,220
diferente,diferente,ADJ,-,xcomp,606
.,.,PUNCT,-,punct,3
Entrevistadora,entrevistadora,NOUN,MISC,ROOT,384736
:,:,PUNCT,MISC,punct,27
Como,como,ADV,-,advmod,198
é,ser,VERB,-,ROOT,14
pra,pra,ADV,-,advmod,161
você,você,PRON,-,nsubj,54
olhar,olhar,VERB,-,xcomp,1037
pra,pra,ADP,-,case,161
trás,trás,ADV,-,advmod,1555
pra,pra,ADP,-,case,161
tudo,tudo,PRON,-,obl,109
que,que,SCONJ,-,obj,7
a,o,DET,-,det,5
gente,gente,NOUN,-,nsubj,309
viveu,viver,VERB,-,acl:relcl,4772
",",",",PUNCT,-,punct,0
pro,pro,ADP,-,case,1998
relacionamento,relacionamento,NOUN,-,obl,1557
à,a o,ADP,-,case,43
distância,distância,NOUN,-,nmod,1294
e,e,CCONJ,-,cc,4
hoje,hoje,ADV,-,advmod,163
saber,saber,VERB,-,conj,283
que,que,SCONJ,-,mark,7
hoje,hoje,ADV,-,advmod,163
eu,eu,PRON,-,nsubj,63
estou,estar,AUX,-,aux,381
aqui,aqui,ADV,-,advmod,140
",",",",PUNCT,-,punct,0
dividindo,dividir,VERB,-,ccomp,17508
o,o,DET,-,det,6
mesmo,mesmo,ADJ,-,amod,66
teto,teto,NOUN,-,obj,4304
e,e,CCONJ,-,cc,4
a,o,DET,-,det,5
vida,vida,NOUN,-,conj,90
bem,bem,ADV,-,advmod,69
perto,perto,ADV,-,advmod,775
de,de,ADP,-,case,2
você,você,PRON,-,obl,54
?,?,PUNCT,-,punct,49
Entrevistada,Entrevistada,NOUN,-,ROOT,178437
:,:,PUNCT,-,punct,27
É,ser,AUX,-,cop,88
incrível,incrível,ADJ,-,ROOT,1746
poder,poder,NOUN,-,csubj,275
hoje,hoje,ADV,-,advmod,163
viver,viver,VERB,-,xcomp,976
essa,esse,DET,-,det,141
etapa,etapa,NOUN,-,obj,1465
com,com,ADP,-,case,12
você,você,PRON,-,obl,54
.,.,PUNCT,-,punct,3
Fazer,fazer,VERB,-,ROOT,4940
parte,parte,NOUN,-,obj,112
dos,de o,ADP,-,case,30
seus,seu,DET,-,det,72
dias,dia,NOUN,-,nmod,144
",",",",PUNCT,-,punct,0
estar,estar,AUX,-,cop,238
presente,presente,ADJ,-,conj,408
",",",",PUNCT,-,punct,0
poder,poder,VERB,-,conj,275
cuidar,cuidar,VERB,-,xcomp,2606
e,e,CCONJ,-,cc,4
ajudar,ajudar,VERB,-,conj,559
.,.,PUNCT,-,punct,3
Ficamos,Ficamos,VERB,-,ROOT,9779
um,um,DET,-,det,13
bom,bom,ADJ,-,amod,216
tempo,tempo,NOUN,-,obj,85
longe,longe,ADV,-,amod,1223
e,e,CCONJ,-,cc,4
hoje,hoje,ADV,-,advmod,163
aproveitamos,aproveitar,VERB,-,conj,26350
cada,cada,DET,-,det,104
minuto,minuto,NOUN,-,obj,4254
que,que,SCONJ,-,nsubj,7
estamos,estar,AUX,-,cop,655
juntas,juntas,ADJ,-,acl:relcl,5482
.,.,PUNCT,-,punct,3
É,ser,AUX,-,cop,88
incrível,incrível,ADJ,-,ROOT,1746
acordar,acordar,VERB,-,csubj,6671
e,e,CCONJ,-,cc,4
saber,saber,VERB,-,conj,283
que,que,SCONJ,-,mark,7
tenho,ter,VERB,-,ccomp,301
você,você,PRON,-,obj,54
aqui,aqui,ADV,-,advmod,140
",",",",PUNCT,-,punct,0
não,não,ADV,-,advmod,21
só,só,ADV,-,advmod,96
pra,pra,SCONJ,-,mark,161
dividir,dividir,VERB,-,advcl,5317
a,o,DET,-,det,5
rotina,rotina,NOUN,-,obj,2329
",",",",PUNCT,-,punct,0
mas,mas,CCONJ,-,cc,44
pra,pra,SCONJ,-,mark,161
desfrutar,desfrutar,VERB,-,conj,4520
da,de o,ADP,-,case,9
vida,vida,NOUN,-,obj,90
.,.,PUNCT,-,punct,3
E,e,CCONJ,-,cc,79
todos,todo,DET,-,det,75
os,o,ADP,-,case,18
dias,dia,NOUN,-,obl,144
eu,eu,PRON,-,nsubj,63
agradeço,agradeçar,VERB,-,ROOT,6983
por,por,SCONJ,-,mark,22
viver,viver,VERB,-,xcomp,976
algo,algo,PRON,-,obj,284
tão,tão,ADV,-,advmod,215
bom,bom,ADJ,-,xcomp,216
com,com,ADP,-,case,12
você,você,PRON,-,obl,54
.,.,PUNCT,-,punct,3
Entrevistadora,entrevistadora,NOUN,-,ROOT,384736
:,:,PUNCT,-,punct,27
Qual,qual,PRON,-,ROOT,2393
foi,ser,AUX,-,cop,35
o,o,DET,-,det,6
momento,momento,NOUN,-,nsubj,201
difícil,difícil,ADJ,-,amod,689
que,que,PRON,-,nsubj,7
passamos,passar,VERB,-,acl:relcl,6278
juntas,junto,ADJ,-,xcomp,5482
e,e,CCONJ,-,cc,4
que,que,SCONJ,-,nsubj,7
te,te,PRON,-,obj,398
mostrou,mostrar,VERB,-,conj,2451
que,que,SCONJ,-,mark,7
fomos,ser,AUX,-,cop,2730
fortes,forte,ADJ,-,ccomp,1840
?,?,PUNCT,-,punct,49
Aliás,aliás,ADV,-,advmod,3761
",",",",PUNCT,-,punct,0
que,que,PRON,-,mark,7
somos,ser,AUX,-,cop,1147
fortes,forte,ADJ,-,nsubj,1840
juntas,junta,NOUN,-,ROOT,5482
?,?,PUNCT,-,punct,49
Entrevistada,entrevistada,NOUN,-,acl,178437
:,:,PUNCT,-,punct,27
O,o,DET,-,det,28
momento,momento,NOUN,-,nsubj,201
mais,mais,ADV,-,advmod,25
difícil,difícil,ADJ,-,amod,689
que,que,SCONJ,-,mark,7
passamos,passar,VERB,-,ccomp,6278
foi,ser,AUX,-,cop,35
o,o,DET,-,det,6
período,período,NOUN,-,obl,314
em,em,ADP,-,case,10
que,que,PRON,-,obl,7
estávamos,estar,AUX,-,cop,5653
distantes,distante,ADJ,-,acl:relcl,8099
.,.,PUNCT,-,punct,3
perdíamos,perdíamos,VERB,-,ROOT,156038
muitas,muito,DET,-,det,245
coisas,coisa,NOUN,-,obj,269
importantes,importante,ADJ,-,amod,783
como,como,ADP,-,case,29
aniversários,aniversário,NOUN,-,nmod,19735
",",",",PUNCT,-,punct,0
momentos,momento,NOUN,-,conj,819
especiais,especial,ADJ,-,amod,1366
e,e,CCONJ,-,cc,4
o,o,DET,-,det,6
prazer,prazer,NOUN,-,dep,1552
de,de,SCONJ,-,mark,2
estar,estar,AUX,-,cop,238
perto,perto,ADV,-,advmod,775
.,.,PUNCT,-,punct,3
Mas,mas,CCONJ,-,cc,130
mesmo,mesmo,ADV,-,advmod,66
com,com,ADP,-,case,12
isso,isso,PRON,-,obl,70
",",",",PUNCT,-,punct,0
sempre,sempre,ADV,-,advmod,100
fazíamos,fazíamos,VERB,-,ROOT,33013
questão,questão,NOUN,-,obj,520
de,de,SCONJ,-,mark,2
se,se,PRON,-,expl,24
fazer,fazer,VERB,-,acl,82
presente,presente,ADJ,-,xcomp,408
",",",",PUNCT,-,punct,0
com,com,ADP,-,case,12
alguma,algum,DET,-,det,410
surpresa,surpresa,NOUN,-,obl,2470
",",",",PUNCT,-,punct,0
ligações,ligação,NOUN,-,conj,4321
",",",",PUNCT,-,punct,0
mensagens,mensagem,NOUN,-,conj,2011
",",",",PUNCT,-,punct,0
da,de o,ADP,-,case,9
forma,forma,NOUN,-,nmod,94
que,que,PRON,-,nsubj,7
conseguimos,conseguir,VERB,-,acl:relcl,3969
.,.,PUNCT,-,punct,3
Entrevistadora,entrevistadora,NOUN,-,ROOT,384736
:,:,PUNCT,-,punct,27
Qual,qual,DET,-,det,2393
hábito,hábito,NOUN,-,nsubj,4575
ou,ou,CCONJ,-,cc,33
jeito,jeito,NOUN,-,conj,1322
meu,meu,DET,-,det,137
você,você,PRON,-,nsubj,54
achou,achar,VERB,-,ROOT,5673
estranho,estranho,ADJ,-,xcomp,3193
no,em o,ADP,-,case,16
começo,começo,NOUN,-,obl,1760
",",",",PUNCT,-,punct,0
mas,mas,CCONJ,-,cc,44
agora,agora,ADV,-,advmod,193
já,já,ADV,-,advmod,57
se,se,PRON,-,expl,24
acostumou,acostumar,VERB,-,conj,48821
e,e,CCONJ,-,cc,4
até,até,ADV,-,advmod,59
gosta,gostar,VERB,-,conj,1418
?,?,PUNCT,-,punct,49
Entrevistada,entrevistada,NOUN,-,ROOT,178437
:,:,PUNCT,-,punct,27
Você,você,PRON,-,nsubj,268
tem,ter,VERB,-,ROOT,52
um,um,DET,-,det,13
jeito,jeito,NOUN,-,obj,1322
peculiar,peculiar,ADJ,-,amod,10762
de,de,SCONJ,-,mark,2
dormir,dormir,VERB,-,acl,2510
.,.,PUNCT,-,punct,3
Conforme,conforme,SCONJ,-,mark,3481
vai,ir,AUX,-,aux,101
se,se,PRON,-,expl,24
mexendo,mexer,VERB,-,advcl,10495
à,a o,ADP,-,case,43
noite,noite,NOUN,-,obl,358
",",",",PUNCT,-,punct,0
o,o,DET,-,det,6
cabelo,cabelo,NOUN,-,nsubj,1077
fica,ficar,VERB,-,ROOT,312
todo,todo,DET,-,det,131
bagunçado,bagunçado,ADJ,-,xcomp,46228
.,.,PUNCT,-,punct,3
E,e,CCONJ,-,cc,79
eu,eu,PRON,-,nsubj,63
",",",",PUNCT,-,punct,0
por,por,SCONJ,-,mark,22
ter,ter,VERB,-,advcl,80
sono,sono,NOUN,-,obj,2972
leve,leve,VERB,-,amod,1369
",",",",PUNCT,-,punct,0
às,a o,ADP,-,case,105
vezes,vez,NOUN,-,obl,179
me,eu,PRON,-,obj,86
assustava,assustar,VERB,-,ROOT,74559
quando,quando,ADV,-,mark,71
virava,virar,VERB,-,advcl,46874
pro,pro,ADP,-,case,1998
seu,seu,DET,-,det,42
lado,lado,NOUN,-,obj,223
.,.,PUNCT,-,punct,3
No,em o,ADP,-,case,91
começo,começo,NOUN,-,obl,1760
era,ser,AUX,-,cop,95
um,um,DET,-,det,13
pouco,pouco,ADV,-,fixed,182
assustador,assustador,ADJ,-,ROOT,13928
",",",",PUNCT,-,punct,0
mas,mas,CCONJ,-,cc,44
com,com,ADP,-,case,12
o,o,DET,-,det,6
tempo,tempo,NOUN,-,obl,85
eu,eu,PRON,-,nsubj,63
fui,ser,AUX,-,aux,935
me,eu,PRON,-,obj,86
acostumando,acostumar,VERB,-,conj,34389
.,.,PUNCT,-,punct,3
Entrevistadora,entrevistadora,NOUN,-,ROOT,384736
:,:,PUNCT,-,punct,27
O,o,PRON,-,appos,28
que,que,PRON,-,nsubj,7
mais,mais,ADV,-,advmod,25
te,te,PRON,-,obj,398
faz,fazer,VERB,-,acl:relcl,188
sentir,sentir,VERB,-,xcomp,1161
amada,amado,VERB,-,xcomp,7831
no,em o,ADP,-,case,16
nosso,nosso,DET,-,det,173
dia,dia,NOUN,-,obl,67
a,a,ADP,-,case,5
dia,dia,NOUN,-,nmod,67
?,?,PUNCT,-,punct,49
Entrevistada,entrevistada,NOUN,-,ROOT,178437
:,:,PUNCT,-,punct,27
O,o,PRON,-,nsubj,28
que,que,PRON,-,nsubj,7
mais,mais,ADV,-,advmod,25
me,eu,PRON,-,obj,86
faz,fazer,VERB,-,acl:relcl,188
sentir,sentir,VERB,-,xcomp,1161
amada,amado,VERB,-,xcomp,7831
no,em o,ADP,-,case,16
nosso,nosso,DET,-,det,173
dia,dia,NOUN,-,obl,67
a,a,ADP,-,case,5
dia,dia,NOUN,-,nmod,67
é,ser,AUX,-,cop,14
o,o,DET,-,det,6
cuidado,cuidado,NOUN,-,parataxis,1359
que,que,PRON,-,obj,7
você,você,PRON,-,nsubj,54
tem,ter,VERB,-,acl:relcl,52
comigo,comigo,PRON,-,obj,1635
.,.,PUNCT,-,punct,3
Não,não,ADV,-,advmod,102
só,só,ADV,-,advmod,96
quando,quando,ADV,-,advmod,71
estou,estar,AUX,-,cop,381
doente,doente,ADJ,-,ROOT,5131
ou,ou,CCONJ,-,cc,33
com,com,ADP,-,case,12
os,o,DET,-,det,18
nossos,nosso,DET,-,det,333
afazeres,afazer,NOUN,-,conj,21461
",",",",PUNCT,-,punct,0
mas,mas,CCONJ,-,cc,44
de,de,ADP,-,case,2
forma,forma,NOUN,-,conj,94
geral,geral,ADJ,-,amod,431
.,.,PUNCT,-,punct,3
É,ser,AUX,-,cop,88
muito,muito,ADV,-,advmod,50
bom,bom,ADJ,-,ROOT,216
saber,saber,VERB,-,csubj,283
que,que,SCONJ,-,mark,7
tem,ter,VERB,-,ccomp,52
alguém,alguém,PRON,-,obj,560
aqui,aqui,ADV,-,advmod,140
pra,pra,ADP,-,case,161
você,você,PRON,-,obl,54
em,em,ADP,-,case,10
todos,todo,DET,-,det,75
os,o,DET,-,fixed,18
momentos,momento,NOUN,-,nmod,819
",",",",PUNCT,-,punct,0
sejam,ser,AUX,-,cop,710
bons,bom,ADJ,-,conj,1354
ou,ou,CCONJ,-,cc,33
ruins,ruim,ADJ,-,conj,7348
.,.,PUNCT,-,punct,3
Entrevistadora,entrevistadora,NOUN,-,ROOT,384736
:,:,PUNCT,-,punct,27
O,o,PRON,-,appos,28
que,que,PRON,-,obj,7
você,você,PRON,-,nsubj,54
mais,mais,ADV,-,advmod,25
admira,admirar,VERB,-,acl:relcl,21758
em,em,ADP,-,case,10
mim,eu,PRON,-,obl,380
?,?,PUNCT,-,punct,49
Entrevistada,Entrevistada,NOUN,-,obl,178437
:,:,PUNCT,-,punct,27
Tem,ter,VERB,-,ROOT,1013
diversas,diversos,DET,-,det,541
coisas,coisa,NOUN,-,obj,269
que,que,PRON,-,obj,7
eu,eu,PRON,-,nsubj,63
acho,achar,VERB,-,acl:relcl,697
admirável,admirável,ADJ,-,xcomp,18201
em,em,ADP,-,case,10
você,você,PRON,-,obl,54
.,.,PUNCT,-,punct,3
Uma,um,NUM,-,nsubj,209
delas,de elas,PRON,-,nmod,1164
é,ser,AUX,-,cop,14
como,como,ADV,-,advmod,29
você,você,PRON,-,nsubj,54
se,se,PRON,-,expl,24
preocupa,preocupar,VERB,-,ROOT,7877
e,e,CCONJ,-,cc,4
cuida,cuidar,VERB,-,conj,8867
de,de,ADP,-,case,2
todos,todo,PRON,-,obj,75
que,que,PRON,-,obj,7
ama,amar,VERB,-,acl:relcl,3271
.,.,PUNCT,-,punct,3
Família,família,NOUN,-,ROOT,2980
",",",",PUNCT,-,punct,0
amigos,amigo,NOUN,-,conj,481
e,e,CCONJ,-,cc,4
eu,eu,PRON,-,conj,63
.,.,PUNCT,-,punct,3
Você,você,PRON,-,nsubj,268
é,ser,AUX,-,cop,14
aquela,aquele,DET,-,det,941
pessoa,pessoa,NOUN,-,ROOT,244
que,que,PRON,-,obj,7
todos,todo,PRON,-,nsubj,75
podem,poder,VERB,-,acl:relcl,146
contar,contar,VERB,-,xcomp,1008
quando,quando,ADV,-,advmod,71
precisa,precisar,VERB,-,advcl,343
.,.,PUNCT,-,punct,3
Também,também,ADV,-,advmod,629
admiro,admirar,VERB,-,ROOT,17852
sua,seu,DET,-,det,37
determinação,determinação,NOUN,-,obj,3583
em,em,SCONJ,-,mark,10
fazer,fazer,VERB,-,advcl,82
as,o,DET,-,det,23
coisas,coisa,NOUN,-,nsubj,269
darem,dar,VERB,-,ccomp,15439
certo,certo,ADV,-,obj,573
.,.,PUNCT,-,punct,3
Sua,seu,DET,-,det,842
positividade,positividade,NOUN,-,ROOT,35616
",",",",PUNCT,-,punct,0
honestidade,honestidade,NOUN,-,conj,11659
",",",",PUNCT,-,punct,0
inteligência,inteligência,NOUN,-,conj,2817
e,e,CCONJ,-,cc,4
várias,várias,DET,-,det,377
outras,outro,PRON,-,conj,158
.,.,PUNCT,-,punct,3
Entrevistadora,entrevistadora,NOUN,PER,ROOT,384736
:,:,PUNCT,-,punct,27
Quando,quando,ADV,-,mark,259
você,você,PRON,-,nsubj,54
pensa,pensar,VERB,-,ROOT,2951
no,em o,ADP,-,case,16
nosso,nosso,DET,-,det,173
futuro,futuro,NOUN,-,obl,732
",",",",PUNCT,-,punct,0
o,o,PRON,-,appos,6
que,que,PRON,-,nsubj,7
vem,vir,VERB,-,acl:relcl,347
à,a o,ADP,-,case,43
sua,seu,DET,-,det,37
mente,mente,NOUN,-,obl,1259
?,?,PUNCT,-,punct,49
Entrevistada,Entrevistada,NOUN,-,ROOT,178437
:,:,PUNCT,-,punct,27
Sobre,sobre,ADP,-,case,1908
o,o,DET,-,det,6
futuro,futuro,NOUN,-,obl,732
",",",",PUNCT,-,punct,0
primeiramente,primeiramente,ADV,-,advmod,7397
eu,eu,PRON,-,nsubj,63
espero,esperar,VERB,-,ROOT,2525
que,que,SCONJ,-,mark,7
estejamos,estejar,VERB,-,cop,21009
juntas,junto,ADJ,-,ccomp,5482
e,e,CCONJ,-,cc,4
que,que,SCONJ,-,mark,7
continuemos,continuemos,VERB,-,conj,55417
fazendo,fazer,VERB,-,xcomp,490
as,o,DET,-,det,23
coisas,coisa,NOUN,-,nsubj,269
darem,dar,VERB,-,advcl,15439
certo,certo,NOUN,-,obj,573
com,com,ADP,-,case,12
respeito,respeito,NOUN,-,obl,566
",",",",PUNCT,-,punct,0
empatia,empatia,NOUN,-,conj,10883
e,e,CCONJ,-,cc,4
admiração,admiração,NOUN,-,conj,9268
.,.,PUNCT,-,punct,3
Entrevistadora,entrevistadora,NOUN,MISC,ROOT,384736
:,:,PUNCT,MISC,punct,27
Que,que,DET,-,mark,580
conselho,conselho,NOUN,-,nsubj,3220
você,você,PRON,-,nsubj,54
daria,dar,VERB,-,ROOT,7203
para,para,ADP,-,case,11
casais,casal,NOUN,-,obj,4251
que,que,PRON,-,nsubj,7
estão,estar,AUX,-,aux,121
começando,começar,VERB,-,acl:relcl,3779
uma,um,DET,-,det,15
história,história,NOUN,-,obj,200
de,de,ADP,-,case,2
distância,distância,NOUN,-,nmod,1294
",",",",PUNCT,-,punct,0
como,como,ADP,-,case,29
a,o,DET,-,det,5
nossa,nosso,DET,-,obl,190
?,?,PUNCT,-,punct,49
Entrevistada,entrevistada,NOUN,-,ROOT,178437
:,:,PUNCT,-,punct,27
Para,para,ADP,-,case,106
os,o,DET,-,det,18
casais,casal,NOUN,-,obl,4251
que,que,PRON,-,nsubj,7
estão,estar,AUX,-,aux,121
começando,começar,VERB,-,acl:relcl,3779
uma,um,DET,-,det,15
relação,relação,NOUN,-,obj,249
a,a,DET,-,det,5
distância,distância,NOUN,-,nmod,1294
",",",",PUNCT,-,punct,0
eu,eu,PRON,-,nsubj,63
diria,dir,VERB,-,ROOT,6085
para,para,SCONJ,-,mark,11
terem,ter,VERB,-,xcomp,1879
paciência,paciência,NOUN,-,obj,4152
",",",",PUNCT,-,punct,0
planejamento,planejamento,NOUN,-,dep,1756
juntos,junto,ADJ,-,amod,1624
para,para,SCONJ,-,mark,11
se,se,PRON,-,expl,24
ver,ver,VERB,-,advcl,197
com,com,ADP,-,case,12
uma,um,DET,-,det,15
data,data,NOUN,-,obl,586
certa,certo,ADJ,-,amod,1252
de,de,ADP,-,case,2
encontro,encontro,NOUN,-,nmod,881
",",",",PUNCT,-,punct,0
que,que,PRON,-,nsubj,7
compartilhem,compartilhar,VERB,-,acl:relcl,39303
sobre,sobre,ADP,-,case,55
o,o,DET,-,det,6
dia,dia,NOUN,-,obl,67
a,a,ADP,-,case,5
dia,dia,NOUN,-,nmod,67
e,e,CCONJ,-,cc,4
cada,cada,DET,-,det,104
momento,momento,NOUN,-,conj,201
",",",",PUNCT,-,punct,0
porque,porque,SCONJ,-,mark,128
isso,isso,PRON,-,nsubj,70
faz,fazer,VERB,-,advcl,188
toda,todo,DET,-,det,199
a,o,DET,-,det,5
diferença,diferença,NOUN,-,obj,927
.,.,PUNCT,-,punct,3
É,ser,AUX,-,cop,88
difícil,difícil,ADJ,-,ROOT,689
",",",",PUNCT,-,punct,0
mas,mas,CCONJ,-,cc,44
se,se,PRON,-,nsubj,24
existe,existir,VERB,-,conj,529
um,um,DET,-,det,13
sentimento,sentimento,NOUN,-,nsubj,2432
",",",",PUNCT,-,punct,0
a,o,DET,-,det,5
distância,distância,NOUN,-,nsubj,1294
vai,ir,AUX,-,aux,101
ser,ser,AUX,-,cop,36
só,só,ADV,-,advmod,96
um,um,DET,-,det,13
detalhe,detalhe,NOUN,-,conj,3504
.,.,PUNCT,-,punct,3
Quiz,quiz,NOUN,MISC,ROOT,62750
do,de o,ADP,-,case,8
casal,casal,NOUN,-,nmod,1334
:,:,PUNCT,-,punct,27
Entrevistadora,entrevistadora,NOUN,MISC,ROOT,384736
:,:,PUNCT,MISC,punct,27
Agora,agora,ADV,-,advmod,691
",",",",PUNCT,-,punct,0
eu,eu,PRON,-,nsubj,63
separei,separar,VERB,-,ROOT,24984
algumas,algum,DET,-,det,226
perguntas,pergunta,NOUN,-,obj,2184
que,que,PRON,-,obj,7
eu,eu,PRON,-,nsubj,63
denominei,denomineer,VERB,-,acl:relcl,213054
como,como,ADP,-,case,29
quiz,quiz,PROPN,-,xcomp,35775
do,de o,ADP,-,case,8
amor,amor,PROPN,-,nmod,357
.,.,PUNCT,-,punct,3
São,ser,AUX,-,cop,103
perguntas,pergunta,NOUN,-,ROOT,2184
curtas,curto,ADJ,-,amod,6908
",",",",PUNCT,-,punct,0
em,em,ADP,-,case,10
tese,tese,NOUN,-,obl,4052
com,com,ADP,-,case,12
respostas,resposta,NOUN,-,nmod,2209
rápidas,rápido,ADJ,-,acl,7819
e,e,CCONJ,-,cc,4
objetivas,objetivo,ADJ,-,conj,10710
",",",",PUNCT,-,punct,0
você,você,PRON,-,appos,54
ou,ou,CCONJ,-,cc,33
eu,eu,PRON,-,conj,63
.,.,PUNCT,-,punct,3
Mas,mas,CCONJ,-,cc,130
",",",",PUNCT,-,punct,0
eu,eu,PRON,-,nsubj,63
gostaria,gostar,VERB,-,ROOT,1459
que,que,SCONJ,-,mark,7
você,você,PRON,-,nsubj,54
justificasse,justificar,VERB,-,ccomp,71068
a,o,DET,-,det,5
sua,seu,DET,-,det,37
resposta,resposta,NOUN,-,obj,845
.,.,PUNCT,-,punct,3
",",",",PUNCT,-,punct,0
eu,eu,PRON,-,nsubj,63
vou,ir,AUX,-,aux,469
te,te,SCONJ,-,mark,398
fazer,fazer,VERB,-,advcl,82
uma,um,DET,-,det,15
pergunta,pergunta,NOUN,-,obj,1671
",",",",PUNCT,-,punct,0
você,você,PRON,-,nsubj,54
me,eu,PRON,-,obj,86
diz,dizer,VERB,-,ROOT,274
se,se,SCONJ,-,mark,24
é,ser,AUX,-,cop,14
você,você,PRON,-,ccomp,54
ou,ou,CCONJ,-,cc,33
se,se,SCONJ,-,mark,24
sou,ser,AUX,-,cop,525
eu,eu,PRON,-,conj,63
e,e,CCONJ,-,cc,4
por,por,ADP,-,case,22
quê,quê,PRON,-,conj,4154
.,.,PUNCT,-,punct,3
Ok,ok,INTJ,-,cc,10180
?,?,PUNCT,-,punct,49
Entrevistada,Entrevistada,NOUN,-,ROOT,178437
:,:,PUNCT,-,punct,27
Ok,ok,INTJ,-,ROOT,10180
.,.,PUNCT,-,punct,3
Entrevistadora,entrevistadora,NOUN,-,ROOT,384736
:,:,PUNCT,-,punct,27
Quem,quem,PRON,-,nsubj,753
dorme,dormer,VERB,-,parataxis,12176
mais,mais,ADV,-,advmod,25
?,?,PUNCT,-,punct,49
Entrevistada,entrevistada,NOUN,-,ROOT,178437
:,:,PUNCT,-,punct,27
Você,Você,PROPN,-,ROOT,268
.,.,PUNCT,-,punct,3
Porque,porque,SCONJ,-,mark,1560
qualquer,qualquer,DET,-,det,133
cantinho,cantinho,NOUN,-,nsubj,8784
aconchegante,aconchegante,ADJ,-,amod,8494
",",",",PUNCT,-,punct,0
você,você,PRON,-,nsubj,54
deita,deitar,VERB,-,ROOT,31500
e,e,CCONJ,-,cc,4
dorme,dormer,VERB,-,conj,12176
.,.,PUNCT,-,punct,3
E,e,CCONJ,-,cc,79
nem,nem,CCONJ,-,cc,180
precisa,precisar,VERB,-,ROOT,343
ser,ser,AUX,-,cop,36
aconchegante,aconchegante,ADJ,-,xcomp,8494
.,.,PUNCT,-,punct,3
Entrevistadora,entrevistadora,NOUN,-,ROOT,384736
:,:,PUNCT,-,punct,27
Quem,quem,PRON,-,det,753
cozinha,cozinha,NOUN,-,ROOT,1035
melhor,bom,ADJ,-,amod,118
?,?,PUNCT,-,punct,49
Entrevistada,Entrevistada,NOUN,-,ROOT,178437
:,:,PUNCT,-,punct,27
Eu,eu,PRON,-,nsubj,171
cozinho,cozinho,NOUN,-,ROOT,78355
melhor,bom,ADJ,-,amod,118
.,.,PUNCT,-,punct,3
Porque,porque,SCONJ,-,mark,1560
eu,eu,PRON,-,nsubj,63
estou,estar,AUX,-,aux,381
sempre,sempre,ADV,-,advmod,100
fazendo,fazer,VERB,-,ROOT,490
as,o,DET,-,det,23
coisinhas,coisinha,NOUN,-,obj,17565
que,que,PRON,-,obj,7
você,você,PRON,-,nsubj,54
gosta,gostar,VERB,-,acl:relcl,1418
de,de,SCONJ,-,mark,2
comer,comer,VERB,-,xcomp,1454
.,.,PUNCT,-,punct,3
Entrevistadora,entrevistadora,NOUN,MISC,ROOT,384736
:,:,PUNCT,MISC,punct,27
Quem,quem,PRON,MISC,nsubj,753
é,ser,AUX,-,cop,14
mais,mais,ADV,-,advmod,25
bagunceira,bagunceiro,ADJ,-,acl:relcl,156449
?,?,PUNCT,-,punct,49
Entrevistada,entrevistada,NOUN,-,ROOT,178437
:,:,PUNCT,-,punct,27
Nenhuma,nenhuma,NOUN,-,appos,9347
.,.,PUNCT,-,punct,3
Tanto,tanto,CCONJ,-,det,4281
você,você,PRON,-,ROOT,54
quanto,quanto,ADV,-,mark,260
eu,eu,PRON,-,nsubj,63
não,não,ADV,-,advmod,21
somos,ser,AUX,-,cop,1147
muito,muito,ADV,-,advmod,50
organizadas,organizado,VERB,-,acl,10282
em,em,ADP,-,case,10
tudo,tudo,PRON,-,obl,109
.,.,PUNCT,-,punct,3
Entrevistadora,entrevistadora,NOUN,MISC,ROOT,384736
:,:,PUNCT,MISC,punct,27
Quem,quem,PRON,-,nsubj,753
manda,mandar,VERB,-,ROOT,5516
mensagem,mensagem,NOUN,-,obj,1216
primeiro,primeiro,ADV,-,advmod,153
na,em o,ADP,-,case,20
maioria,maioria,NOUN,-,obl,421
das,de o,ADP,-,case,34
vezes,vez,NOUN,-,nmod,179
?,?,PUNCT,-,punct,49
Entrevistada,entrevistada,NOUN,-,ROOT,178437
:,:,PUNCT,-,punct,27
Você,Você,PROPN,-,ROOT,268
.,.,PUNCT,-,punct,3
Porque,porque,SCONJ,-,mark,1560
eu,eu,PRON,-,nsubj,63
sou,ser,AUX,-,cop,525
mais,mais,ADV,-,advmod,25
orgulhosa,orgulhoso,ADJ,-,ROOT,20741
.,.,PUNCT,-,punct,3
Entrevistadora,entrevistadora,NOUN,PER,ROOT,384736
:,:,PUNCT,-,punct,27
Quem,quem,PRON,-,nsubj,753
tem,ter,VERB,-,acl:relcl,52
a,o,DET,-,det,5
risada,risada,NOUN,-,obj,17454
mais,mais,ADV,-,advmod,25
engraçada,engraçado,ADJ,-,amod,16690
?,?,PUNCT,-,punct,49
Entrevistada,entrevistada,NOUN,-,ROOT,178437
:,:,PUNCT,-,punct,27
Você,Você,PRON,-,ROOT,268
.,.,PUNCT,-,punct,3
Por,por,ADP,-,case,156
quê,quê,PRON,-,ROOT,4154
?,?,PUNCT,-,punct,49
Não,não,INTJ,-,ROOT,102
.,.,PUNCT,-,punct,3
Entrevistadora,entrevistadora,NOUN,-,ROOT,384736
:,:,PUNCT,-,punct,27
Quem,quem,PRON,-,nsubj,753
é,ser,AUX,-,cop,14
mais,mais,ADV,-,advmod,25
carinhosa,carinhoso,ADJ,-,acl:relcl,21335
?,?,PUNCT,-,punct,49
Entrevistada,Entrevistada,NOUN,MISC,ROOT,178437
:,:,PUNCT,MISC,punct,27
Vou,Vou,AUX,-,aux,2557
considerar,considerar,VERB,-,ROOT,2845
que,que,SCONJ,-,mark,7
eu,eu,PRON,-,nsubj,63
sou,ser,AUX,-,cop,525
mais,mais,ADV,-,advmod,25
carinhosa,carinhoso,ADJ,-,ccomp,21335
.,.,PUNCT,-,punct,3
Você,você,PRON,-,nsubj,268
também,também,ADV,-,advmod,48
é,ser,AUX,-,cop,14
",",",",PUNCT,-,punct,0
mas,mas,CCONJ,-,cc,44
o,o,DET,-,det,6
seu,seu,DET,-,det,42
carinho,carinho,NOUN,-,nsubj,2385
é,ser,AUX,-,cop,14
um,um,DET,-,det,13
pouco,pouco,ADV,-,fixed,182
bruto,bruto,ADJ,-,ROOT,11089
.,.,PUNCT,-,punct,3
Entrevistadora,entrevistadora,NOUN,MISC,ROOT,384736
:,:,PUNCT,MISC,punct,27
Quem,quem,PRON,MISC,nsubj,753
é,ser,AUX,-,cop,14
mais,mais,ADV,-,advmod,25
ciumenta,ciumento,ADJ,-,acl:relcl,58914
?,?,PUNCT,-,punct,49
Entrevistada,Entrevistada,NOUN,-,ROOT,178437
:,:,PUNCT,-,punct,27
Eu,eu,PRON,-,nsubj,171
sou,ser,AUX,-,cop,525
mais,mais,ADV,-,advmod,25
ciumenta,ciumento,ADJ,-,ROOT,58914
.,.,PUNCT,-,punct,3
Porque,porque,SCONJ,-,mark,1560
você,você,PRON,-,nsubj,54
é,ser,AUX,-,cop,14
uma,um,DET,-,det,15
pessoa,pessoa,NOUN,-,ROOT,244
muito,muito,ADV,-,advmod,50
tranquila,tranquilo,ADJ,-,amod,5112
.,.,PUNCT,-,punct,3
Entrevistadora,entrevistadora,NOUN,MISC,ROOT,384736
:,:,PUNCT,MISC,punct,27
Quem,quem,PRON,MISC,nsubj,753
é,ser,AUX,-,cop,14
mais,mais,ADV,-,advmod,25
engraçadinha,engraçadinha,ADJ,-,acl:relcl,128525
?,?,PUNCT,-,punct,49
Entrevistada,Entrevistada,NOUN,-,ROOT,178437
:,:,PUNCT,-,punct,27
Eu,eu,PRON,-,nsubj,171
sou,ser,AUX,-,cop,525
mais,mais,ADV,-,advmod,25
engraçada,engraçado,ADJ,-,ROOT,16690
.,.,PUNCT,-,punct,3
Apesar,apesar,ADV,-,mark,891
de,de,ADP,-,fixed,2
que,que,SCONJ,-,mark,7
você,você,PRON,-,nsubj,54
também,também,ADV,-,advmod,48
tem,ter,VERB,-,ROOT,52
um,um,DET,-,det,13
bom,bom,ADJ,-,obj,216
humor,humor,NOUN,-,amod,2915
.,.,PUNCT,-,punct,3
Entrevistadora,entrevistadora,NOUN,PER,ROOT,384736
:,:,PUNCT,-,punct,27
Quem,quem,PRON,-,nsubj,753
lembra,lembrar,VERB,-,acl:relcl,2772
mais,mais,DET,-,det,25
datas,data,NOUN,-,obj,3554
importantes,importante,ADJ,-,amod,783
?,?,PUNCT,-,punct,49
Entrevistada,Entrevistada,NOUN,-,ROOT,178437
:,:,PUNCT,-,punct,27
Nós,nós,PRON,-,nsubj,1115
duas,dois,NUM,-,nummod,177
lembramos,lembrar,VERB,-,ROOT,23940
.,.,PUNCT,-,punct,3
Entrevistadora,entrevistadora,NOUN,MISC,ROOT,384736
:,:,PUNCT,MISC,punct,27
Quem,quem,PRON,MISC,nsubj,753
é,ser,AUX,-,cop,14
mais,mais,ADV,-,advmod,25
fitness,fitness,ADJ,-,acl:relcl,10513
?,?,PUNCT,-,punct,49
Entrevistada,entrevistada,NOUN,-,ROOT,178437
:,:,PUNCT,-,punct,27
Você,Você,PRON,-,nsubj,268
é,ser,AUX,-,cop,14
mais,mais,ADV,-,advmod,25
fitness,fitness,ADJ,-,ROOT,10513
.,.,PUNCT,-,punct,3
E,e,CCONJ,-,cc,79
eu,eu,PRON,-,nsubj,63
gosto,gostar,VERB,-,ROOT,828
de,de,ADP,-,case,2
tudo,tudo,PRON,-,det,109
muito,muito,ADV,-,advmod,50
salgadinho,salgadinho,NOUN,-,xcomp,60754
.,.,PUNCT,-,punct,3
Entrevistadora,entrevistadora,NOUN,MISC,ROOT,384736
:,:,PUNCT,MISC,punct,27
",",",",PUNCT,-,punct,0
eu,eu,PRON,-,nsubj,63
gostaria,gostar,VERB,-,acl:relcl,1459
de,de,SCONJ,-,mark,2
te,te,PRON,-,obj,398
pedir,pedir,VERB,-,xcomp,1649
para,para,SCONJ,-,mark,11
descrever,descrever,VERB,-,advcl,5658
a,o,DET,-,det,5
nossa,nosso,DET,-,det,190
relação,relação,NOUN,-,obj,249
.,.,PUNCT,-,punct,3
O,o,PRON,-,nsubj,28
que,que,PRON,-,obj,7
nós,nós,PRON,-,nsubj,237
somos,ser,AUX,-,cop,1147
para,para,ADP,-,case,11
você,você,PRON,-,ROOT,54
?,?,PUNCT,-,punct,49
Entrevistada,Entrevistada,NOUN,-,ROOT,178437
:,:,PUNCT,-,punct,27
Somos,Somos,AUX,-,cop,3419
a,o,DET,-,det,5
junção,junção,NOUN,-,ROOT,11749
de,de,ADP,-,case,2
duas,dois,NUM,-,nummod,177
pessoas,pessoa,NOUN,-,nmod,87
que,que,PRON,-,nsubj,7
se,se,PRON,-,expl,24
amam,amar,VERB,-,acl:relcl,9253
muito,muito,ADV,-,advmod,50
.,.,PUNCT,-,punct,3
Diferentes,diferente,DET,-,ROOT,22040
",",",",PUNCT,-,punct,0
mas,mas,CCONJ,-,cc,44
que,que,PRON,-,nsubj,7
combinam,combinar,VERB,-,conj,11743
em,em,ADP,-,case,10
muitas,muito,DET,-,det,245
coisas,coisa,NOUN,-,obl,269
.,.,PUNCT,-,punct,3
A,o,DET,-,det,31
junção,junção,NOUN,-,ROOT,11749
de,de,ADP,-,case,2
tudo,tudo,PRON,-,nmod,109
que,que,PRON,-,obj,7
eu,eu,PRON,-,nsubj,63
sempre,sempre,ADV,-,advmod,100
quis,querer,VERB,-,acl:relcl,2944
viver,viver,VERB,-,xcomp,976
e,e,CCONJ,-,cc,4
nem,nem,CCONJ,-,cc,180
sabia,saber,VERB,-,conj,1550
que,que,SCONJ,-,mark,7
precisava,precisar,VERB,-,ccomp,3968
.,.,PUNCT,-,punct,3
Estar,estar,VERB,-,aux,9865
com,com,ADP,-,mark,12
você,você,PRON,-,nsubj,54
faz,fazer,VERB,-,ROOT,188
com,com,SCONJ,-,mark,12
que,que,SCONJ,-,mark,7
eu,eu,PRON,-,nsubj,63
me,eu,PRON,-,obj,86
sinta,sinta,VERB,-,advcl,7812
bem,bem,ADV,-,advmod,69
.,.,PUNCT,-,punct,3
Saber,saber,SCONJ,-,nsubj,7281
que,que,SCONJ,-,mark,7
eu,eu,PRON,-,nsubj,63
posso,poder,VERB,-,ccomp,1067
ser,ser,AUX,-,cop,36
o,o,DET,-,det,6
mesmo,mesmo,PRON,-,xcomp,66
é,ser,AUX,-,cop,14
incrível,incrível,ADJ,-,ROOT,1746
.,.,PUNCT,-,punct,3
Nós,nós,PRON,-,nsubj,1115
nos,nós,PRON,-,obj,53
conhecemos,conhecer,VERB,-,ROOT,5481
em,em,ADP,-,case,10
todas,todo,DET,-,det,162
as,o,DET,-,fixed,23
nossas,nosso,DET,-,det,659
particularidades,particularidade,NOUN,-,obl,13506
",",",",PUNCT,-,punct,0
com,com,ADP,-,case,12
todas,todo,DET,-,det,162
as,o,DET,-,fixed,23
qualidades,qualidade,NOUN,-,obl,5210
e,e,CCONJ,-,cc,4
defeitos,defeito,NOUN,-,conj,6291
.,.,PUNCT,-,punct,3
E,e,CCONJ,-,cc,79
ainda,ainda,ADV,-,advmod,68
escolhemos,escolher,VERB,-,ROOT,14611
uma,um,NUM,-,obj,15
à,a o,ADP,-,case,43
outra,outro,PRON,-,iobj,253
.,.,PUNCT,-,punct,3
Somos,Somos,AUX,-,cop,3419
amigas,amiga,NOUN,-,ROOT,4151
",",",",PUNCT,-,punct,0
namoradas,namorada,NOUN,-,conj,34503
e,e,CCONJ,-,cc,4
parceiras,parceira,NOUN,-,conj,12639
de,de,ADP,-,case,2
vida,vida,NOUN,-,nmod,90
.,.,PUNCT,-,punct,3
E,e,CCONJ,-,cc,79
eu,eu,PRON,-,nsubj,63
te,te,PRON,-,obj,398
amo,amar,VERB,-,ROOT,2812
.,.,PUNCT,-,punct,3
